district,ndvi,date
Alappuzha,0.4896317138724217,
Ernakulam,0.680254326652795,
Idukki,0.7362296377602098,
Kannur,0.48824119403314675,
Kasaragod,0.4720571997516517,
Kollam,0.6612267099494606,
Kottayam,0.5961201804284345,
Kozhikode,0.5973426351529243,
Malappuram,0.6814327943041811,
Palakkad,0.6533211006175919,
Pathanamthitta,0.7406447051242734,
Thiruvananthapuram,0.6961812373860521,
Thrissur,0.6821292400367692,
Wayanad,0.36470689993084937,
Wayanad,0.36470689993084937,2025-08-13
